# Name,   Type, SubType, Offset,   Size
#
# Стандартный IDF-шаблон для 4 МБ флеш с двумя OTA-слотами.
#
# nvs смещён на то же место 0x9000 что и раньше — сохранённые настройки
# переживут переход с factory на OTA-схему. Размер уменьшен до 0x5000
# (стандарт), чтобы освободить место для otadata на 0xE000; это безопасно:
# все наши ключи занимают <1 КБ из 20 КБ доступных.
#
# Каждый OTA-слот 0x1F0000 (1.9375 МБ). Текущая прошивка ~1.4 МБ — запас
# ~560 КБ (~40%) для роста функциональности без правки таблицы разделов.
#
nvs,      data, nvs,     0x9000,   0x5000
otadata,  data, ota,     0xE000,   0x2000
ota_0,    app,  ota_0,   0x10000,  0x1F0000
ota_1,    app,  ota_1,   0x200000, 0x1F0000
